INSERT INTO INVESTORS (investor_Id, name, age, street, city, state, country, postal_Code, mobile_Number,email_Id) VALUES('K1','Tina',50,'Jhotwara','Mathura','Maharashtra','Dublin',304010,6377805398,'xyz@gmail.com');
INSERT INTO INVESTORS (investor_Id, name, age, street, city, state, country, postal_Code, mobile_Number,email_Id) VALUES('K2','Ram',55,'Jhotwara','Mathura','Maharashtra','Dublin',304010,6377805398,'shubhamoea@gmail.com');
INSERT INTO INVESTORS (investor_Id, name, age, street, city, state, country, postal_Code, mobile_Number,email_Id) VALUES('K3','Joseph',30,'Jhotwara','Mathura','Maharashtra','Dublin',304010,6377805398,'xyz@gmail.com');
INSERT INTO INVESTORS (investor_Id, name, age, street, city, state, country, postal_Code, mobile_Number,email_Id) VALUES('K4','Kary',65,'Jhotwara','Mathura','Maharashtra','Dublin',304010,6377805398,'xyz@gmail.com');
INSERT INTO INVESTORS (investor_Id, name, age, street, city, state, country, postal_Code, mobile_Number,email_Id) VALUES('K5','Mice',80,'Jhotwara','Mathura','Maharashtra','Dublin',304010,6377805398,'shubhamoea@gmail.com');
INSERT INTO INVESTORS (investor_Id, name, age, street, city, state, country, postal_Code, mobile_Number,email_Id) VALUES('K6','Hanuman',95,'Jhotwara','Mathura','Maharashtra','Dublin',304010,6377805398,'xyz@gmail.com');
INSERT INTO INVESTORS (investor_Id, name, age, street, city, state, country, postal_Code, mobile_Number,email_Id) VALUES('K7','Krishna',25,'Jhotwara','Mathura','Maharashtra','Dublin',304010,6377805398,'xyz@gmail.com');

INSERT INTO PRODUCTS (key_Id, product_Id, investor_Id, product_Name, product_Type, current_Balance) VALUES(1, 'P1', 'K2','Gold','RETIREMENT', 219658569859);
INSERT INTO PRODUCTS (key_Id, product_Id, investor_Id, product_Name, product_Type, current_Balance) VALUES(2, 'P2', 'K2','Silver','RETIREMENT', 999999958569859);
INSERT INTO PRODUCTS (key_Id, product_Id, investor_Id, product_Name, product_Type, current_Balance) VALUES(3, 'P3', 'K2','Fixed Deposit','SAVINGS', 55555658569859);
INSERT INTO PRODUCTS (key_Id, product_Id, investor_Id, product_Name, product_Type, current_Balance) VALUES(4, 'P4', 'K2','Mutual Funds','SAVINGS', 3263658569859);
INSERT INTO PRODUCTS (key_Id, product_Id, investor_Id, product_Name, product_Type, current_Balance) VALUES(5, 'P1', 'K5','Gold','RETIREMENT', 219658569859);
INSERT INTO PRODUCTS (key_Id, product_Id, investor_Id, product_Name, product_Type, current_Balance) VALUES(6, 'P2', 'K5','Silver','RETIREMENT', 999999958569859);
INSERT INTO PRODUCTS (key_Id, product_Id, investor_Id, product_Name, product_Type, current_Balance) VALUES(7, 'P3', 'K5','Fixed Deposit','SAVINGS', 55555658569859);
INSERT INTO PRODUCTS (key_Id, product_Id, investor_Id, product_Name, product_Type, current_Balance) VALUES(8, 'P4', 'K5','Mutual Funds','SAVINGS', 3263658569859);



-- INSERT INTO BANKING_DETAILS (account_Number, investor_Id, bank_Name) VALUES('SR5245445584','K1','Bank of Canvas');
-- INSERT INTO BANKING_DETAILS (account_Number, investor_Id, bank_Name) VALUES('TR5247677584','K2','Bank of Americs');
-- INSERT INTO BANKING_DETAILS (account_Number, investor_Id, bank_Name) VALUES('RR5246745584','K3','Bank of Indis');
-- INSERT INTO BANKING_DETAILS (account_Number, investor_Id, bank_Name) VALUES('RR5246748584','K4','Bank of Indis');
-- INSERT INTO BANKING_DETAILS (account_Number, investor_Id, bank_Name) VALUES('SR5674675584','K5','Bank of Sindhus');
-- INSERT INTO BANKING_DETAILS (account_Number, investor_Id, bank_Name) VALUES('SR5267648584','K6','Bank of Milan');
-- INSERT INTO BANKING_DETAILS (account_Number, investor_Id, bank_Name) VALUES('IR5245445584','K7','Bank of Africs');

